{"cameraMode":{"drawMode":0,"name":"Shaded","section":"Shading Mode"},"sceneLighting":false,"audioPlay":false,"sceneViewState":{"m_AlwaysRefresh":false,"showFog":true,"showSkybox":false,"showFlares":true,"showImageEffects":true,"showParticleSystems":true,"showVisualEffectGraphs":true,"m_FxEnabled":true},"in2DMode":false,"pivot":{"x":0.012151718139648438,"y":1.2473232746124268,"z":0.0017914772033691407},"rotation":{"x":-0.262442409992218,"y":0.6275875568389893,"z":-0.237523153424263,"w":-0.6934293508529663},"size":10.560248374938965,"orthographic":false}