{"cameraMode":{"drawMode":0,"name":"Shaded","section":"Shading Mode"},"sceneLighting":true,"audioPlay":false,"sceneViewState":{"m_AlwaysRefresh":false,"showFog":true,"showSkybox":true,"showFlares":true,"showImageEffects":true,"showParticleSystems":true,"showVisualEffectGraphs":true,"m_FxEnabled":true},"in2DMode":false,"pivot":{"x":24.3066349029541,"y":1.8666675090789796,"z":1.8462085723876954},"rotation":{"x":0.015436314977705479,"y":0.30752068758010867,"z":0.004886438138782978,"w":-0.9514934420585632},"size":5.549906253814697,"orthographic":false}